method,obs,a_mean,a_q05,a_q95,a_true,a_in_CI,b_mean,b_q05,b_q95,b_true,b_in_CI,E1_mean,E1_q05,E1_q95,E2_mean,E2_q05,E2_q95
cvae,0,304.128,303.52,304.767,302.75,False,23.3839,22.9114,23.8489,25.0636,False,0.64309,0.510773,0.833355,0.575763,0.506363,0.734043
cvae,1,302.654,302.024,303.34,301.55,False,24.0724,23.6219,24.5399,25.504,False,0.651337,0.508992,0.848968,0.592934,0.505841,0.785867
cvae,2,308.187,307.547,308.841,308.01,True,23.3025,22.787,23.8233,24.0739,False,0.640179,0.50759,0.838597,0.591092,0.508016,0.764064
cvae,3,299.944,299.305,300.628,299.5,True,23.1642,22.654,23.702,23.5951,True,0.629216,0.504988,0.818367,0.563795,0.505127,0.707836
cvae,4,302.466,301.826,303.127,302.4,True,25.9794,25.4773,26.4616,25.6718,True,0.63571,0.504753,0.832325,0.587135,0.506606,0.761165
cvae,5,300.756,300.107,301.461,300.3,True,22.429,21.9373,22.9208,22.5485,True,0.632348,0.505275,0.832038,0.56829,0.505815,0.714396
cvae,6,297.654,297,298.314,296.75,False,24.9573,24.4497,25.4621,26.0087,False,0.625664,0.506869,0.824327,0.583027,0.504371,0.744182
cvae,7,300.695,300.044,301.354,300,False,24.4446,23.9615,24.9052,25.4046,False,0.652334,0.511286,0.851689,0.595479,0.507229,0.791399
cvae,8,299.55,298.929,300.195,298,False,25.9284,25.4127,26.4116,27.0311,False,0.644535,0.509489,0.842961,0.57075,0.503013,0.738006
cvae,9,298.264,297.616,298.991,296.95,False,23.7937,23.2828,24.3248,24.6177,False,0.623435,0.504947,0.820698,0.561354,0.503457,0.688759
cvae,10,300.182,299.563,300.812,297.9,False,25.3862,24.8881,25.8668,25.8454,True,0.649483,0.508577,0.843124,0.538655,0.502368,0.627415
cvae,11,301.819,301.187,302.424,299.3,False,26.3933,25.8881,26.8921,26.9808,False,0.706477,0.534123,0.871813,0.551517,0.503173,0.664602
cvae,12,311.97,311.32,312.59,308.6,False,22.4696,21.9615,22.9746,22.8814,True,0.696023,0.527029,0.871004,0.544958,0.501743,0.665436
cvae,13,310.822,310.14,311.384,307.75,False,25.0665,24.5904,25.5395,26.5363,False,0.718228,0.53566,0.883416,0.579275,0.503409,0.743903
cvae,14,298.972,298.313,299.596,297.5,False,23.903,23.3958,24.4192,25.6494,False,0.695455,0.522584,0.864384,0.574236,0.505625,0.733078
cvae,15,299.332,298.683,300.001,297.6,False,25.0599,24.5792,25.5549,24.9299,True,0.631012,0.50653,0.82127,0.552841,0.503653,0.677632
cvae,16,300.811,300.168,301.452,300,False,24.909,24.4301,25.4105,26.3441,False,0.646809,0.508819,0.842067,0.584029,0.506534,0.749011
cvae,17,304.587,303.945,305.237,303.75,False,24.3442,23.828,24.8533,24.6598,True,0.655807,0.511836,0.854393,0.57987,0.505339,0.744307
cvae,18,297.287,296.658,297.954,296.1,False,27.2639,26.7724,27.7358,27.6121,True,0.633492,0.505598,0.828764,0.540665,0.498193,0.64473
cvae,19,292.549,291.953,293.187,291.9,False,26.2967,25.8013,26.7851,26.8497,False,0.641839,0.50682,0.83343,0.555745,0.498011,0.697789
cvae,20,300.682,300.021,301.34,299.7,False,24.9422,24.4365,25.4617,25.1586,True,0.627527,0.505634,0.826519,0.552283,0.504251,0.675033
cvae,21,303.2,302.546,303.842,303.5,True,25.287,24.8086,25.7717,25.398,True,0.641964,0.507175,0.826828,0.575633,0.505942,0.733409
cvae,22,292.682,292.049,293.365,292,False,25.53,25.0453,26.0303,25.9946,True,0.597928,0.502921,0.775624,0.537997,0.497585,0.645514
cvae,23,302.33,301.718,302.958,302.6,True,24.6258,24.1452,25.0891,24.984,True,0.619656,0.50465,0.816715,0.599844,0.508559,0.789834
cvae,24,305.114,304.472,305.777,304.2,False,23.9997,23.4953,24.5172,24.3809,True,0.640547,0.508798,0.845864,0.569947,0.505442,0.730329
cvae,25,301.067,300.473,301.698,300.7,True,26.8095,26.3391,27.2899,26.8959,True,0.620344,0.503496,0.813251,0.553614,0.503272,0.682844
cvae,26,295.021,294.432,295.649,293.5,False,29.6513,29.2112,30.1001,29.5839,True,0.608933,0.50442,0.798543,0.51849,0.493137,0.580562
cvae,27,301.281,300.639,301.936,300.05,False,26.1288,25.6702,26.6118,26.7256,False,0.61816,0.503132,0.811168,0.549179,0.502599,0.662858
cvae,28,303.601,302.917,304.255,301.9,False,22.0737,21.5774,22.5503,22.9351,False,0.660888,0.514515,0.850909,0.558675,0.504202,0.693285
cvae,29,302.798,302.129,303.517,302.7,True,21.7218,21.2085,22.2255,21.9861,True,0.638798,0.507864,0.827211,0.577016,0.503916,0.737917
cgan,0,304.733,304.049,305.386,302.75,False,23.3084,22.9832,23.5547,25.0636,False,0.679964,0.512561,0.844007,0.684954,0.537,0.832211
cgan,1,303.108,302.473,303.729,301.55,False,24.0187,23.7182,24.261,25.504,False,0.681346,0.509414,0.843623,0.684003,0.532068,0.841777
cgan,2,308.994,308.105,309.505,308.01,False,23.164,22.9662,23.4997,24.0739,False,0.661662,0.518279,0.835127,0.669782,0.52817,0.826255
cgan,3,300.626,300.041,301.272,299.5,False,23.2313,22.7942,23.4408,23.5951,False,0.68438,0.505584,0.854285,0.693959,0.516146,0.865173
cgan,4,303.05,302.332,303.568,302.4,True,26.0094,25.7992,26.2941,25.6718,False,0.680722,0.51407,0.846111,0.692055,0.540917,0.849728
cgan,5,301.508,300.893,302.22,300.3,False,22.4888,22.0905,22.6896,22.5485,True,0.687569,0.509649,0.857589,0.689634,0.51821,0.860924
cgan,6,298.179,297.689,298.645,296.75,False,25.0861,24.7959,25.2557,26.0087,False,0.684933,0.500203,0.844915,0.697615,0.528206,0.865417
cgan,7,301.106,300.528,301.677,300,False,24.4568,24.1713,24.6727,25.4046,False,0.686967,0.514016,0.847369,0.695675,0.532375,0.851287
cgan,8,300,299.48,300.483,298,False,26.0024,25.8207,26.1886,27.0311,False,0.686497,0.517075,0.848938,0.691336,0.533815,0.854154
cgan,9,298.846,298.315,299.439,296.95,False,23.9356,23.5453,24.1359,24.6177,False,0.688292,0.50804,0.847996,0.694655,0.520771,0.865344
cgan,10,300.872,300.287,301.374,297.9,False,25.4879,25.2665,25.703,25.8454,False,0.684252,0.511574,0.847196,0.702461,0.534094,0.850791
cgan,11,302.339,301.67,302.807,299.3,False,26.4352,26.2273,26.6913,26.9808,False,0.684126,0.503433,0.851186,0.706117,0.539656,0.858571
cgan,12,312.453,311.486,312.905,308.6,False,22.3535,22.2223,22.6569,22.8814,False,0.665005,0.519211,0.845541,0.659254,0.501211,0.826671
cgan,13,311.564,310.712,311.892,307.75,False,24.7661,24.525,25.1199,26.5363,False,0.673108,0.52281,0.846789,0.688947,0.502183,0.872654
cgan,14,299.326,298.801,299.902,297.5,False,23.9664,23.6573,24.154,25.6494,False,0.687296,0.509828,0.848062,0.693031,0.519455,0.857815
cgan,15,299.909,299.425,300.439,297.6,False,25.1624,24.8853,25.3465,24.9299,True,0.67845,0.504655,0.847352,0.692964,0.531822,0.855391
cgan,16,301.223,300.641,301.803,300,False,24.9202,24.6417,25.1419,26.3441,False,0.679591,0.5127,0.848055,0.695847,0.535764,0.851129
cgan,17,305.315,304.458,305.89,303.75,False,24.2226,23.9406,24.5625,24.6598,False,0.67991,0.509699,0.842246,0.691775,0.540163,0.836155
cgan,18,297.918,297.447,298.38,296.1,False,27.3405,27.1791,27.4893,27.6121,False,0.681032,0.498219,0.856905,0.697744,0.521308,0.879655
cgan,19,293.293,292.792,293.783,291.9,False,26.38,26.0732,26.5302,26.8497,False,0.698692,0.521367,0.849977,0.674933,0.518355,0.882105
cgan,20,301.302,300.727,301.852,299.7,False,24.9943,24.72,25.2129,25.1586,True,0.683141,0.505258,0.846196,0.693475,0.534772,0.850827
cgan,21,303.884,303.112,304.417,303.5,True,25.2418,24.9798,25.5629,25.398,True,0.680154,0.513829,0.844667,0.698792,0.546672,0.849783
cgan,22,293.455,292.954,293.956,292,False,25.6582,25.3446,25.8294,25.9946,False,0.684867,0.506628,0.848474,0.681587,0.514544,0.877522
cgan,23,302.886,302.222,303.484,302.6,True,24.6162,24.334,24.876,24.984,False,0.682667,0.514701,0.845127,0.692935,0.545535,0.84632
cgan,24,305.984,305.156,306.532,304.2,False,23.8605,23.5872,24.1729,24.3809,False,0.677757,0.512152,0.839347,0.692924,0.545072,0.832456
cgan,25,301.718,301.108,302.182,300.7,False,26.8728,26.6988,27.1082,26.8959,True,0.6825,0.506616,0.849501,0.700291,0.53625,0.86252
cgan,26,295.98,295.499,296.336,293.5,False,29.6644,29.5591,29.7895,29.5839,True,0.700023,0.512293,0.876295,0.691786,0.499252,0.907612
cgan,27,301.953,301.333,302.464,300.05,False,26.1773,25.9795,26.4268,26.7256,False,0.679537,0.509973,0.849216,0.69139,0.541285,0.84978
cgan,28,304.401,303.709,305.118,301.9,False,22.0116,21.6438,22.2045,22.9351,False,0.686313,0.520965,0.851814,0.682192,0.523389,0.840346
cgan,29,303.693,302.995,304.389,302.7,False,21.6864,21.3116,21.8824,21.9861,False,0.690908,0.518308,0.859908,0.68709,0.519635,0.84977
cnf,0,304.044,303.394,304.708,302.75,False,23.4507,22.9513,23.9632,25.0636,False,0.646863,0.51277,0.858982,0.560386,0.500968,0.706742
cnf,1,302.541,301.918,303.18,301.55,False,24.13,23.7,24.5944,25.504,False,0.648659,0.516759,0.847957,0.578298,0.502344,0.752922
cnf,2,308.153,307.558,308.787,308.01,True,23.3315,22.8485,23.8214,24.0739,False,0.641372,0.511875,0.851057,0.578406,0.500366,0.742297
cnf,3,299.84,299.199,300.521,299.5,True,23.2577,22.7843,23.7403,23.5951,True,0.634992,0.509733,0.8399,0.5531,0.501824,0.681031
cnf,4,302.406,301.815,303.068,302.4,True,25.9644,25.4984,26.4333,25.6718,True,0.637561,0.510397,0.842305,0.571317,0.503027,0.752397
cnf,5,300.683,300.024,301.325,300.3,True,22.4965,21.9893,23.0173,22.5485,True,0.63988,0.514791,0.840032,0.558168,0.501,0.685537
cnf,6,297.607,296.985,298.266,296.75,False,25.0151,24.5367,25.5076,26.0087,False,0.638752,0.509349,0.841939,0.582408,0.503951,0.774831
cnf,7,300.609,300,301.251,300,True,24.4953,23.9954,24.9817,25.4046,False,0.654405,0.513705,0.858367,0.587294,0.504073,0.771233
cnf,8,299.49,298.863,300.177,298,False,25.9308,25.4508,26.3829,27.0311,False,0.648532,0.515216,0.85422,0.557128,0.502956,0.689902
cnf,9,298.166,297.56,298.862,296.95,False,23.8882,23.4034,24.3549,24.6177,False,0.636208,0.508363,0.851349,0.554903,0.500762,0.697104
cnf,10,300.238,299.639,300.876,297.9,False,25.4011,24.9781,25.8268,25.8454,False,0.6829,0.570504,0.844343,0.532094,0.497639,0.60838
cnf,11,301.859,301.203,302.597,299.3,False,26.3711,25.9329,26.8549,26.9808,False,0.734649,0.579771,0.883006,0.563907,0.499696,0.708439
cnf,12,311.931,311.338,312.537,308.6,False,22.4882,21.9944,23.0245,22.8814,True,0.712224,0.54685,0.879413,0.572085,0.497379,0.749496
cnf,13,310.843,310.178,311.588,307.75,False,25.0173,24.5663,25.4799,26.5363,False,0.709588,0.537395,0.880666,0.580113,0.496155,0.787908
cnf,14,298.94,298.302,299.535,297.5,False,23.971,23.4966,24.4943,25.6494,False,0.706624,0.542471,0.877717,0.590289,0.505258,0.762399
cnf,15,299.295,298.73,299.946,297.6,False,25.132,24.6756,25.5992,24.9299,True,0.655931,0.5258,0.846186,0.545237,0.501972,0.654413
cnf,16,300.733,300.079,301.414,300,False,24.9426,24.4717,25.4214,26.3441,False,0.648533,0.513344,0.858668,0.57551,0.50445,0.741388
cnf,17,304.523,303.903,305.165,303.75,False,24.3685,23.9062,24.8267,24.6598,True,0.655152,0.518435,0.849544,0.57212,0.500892,0.747252
cnf,18,297.292,296.712,297.914,296.1,False,27.2944,26.8571,27.7268,27.6121,True,0.666257,0.550907,0.824288,0.532884,0.498879,0.60739
cnf,19,292.498,291.871,293.166,291.9,True,26.343,25.8966,26.8038,26.8497,False,0.661579,0.516022,0.858356,0.563446,0.502813,0.724752
cnf,20,300.612,300.01,301.28,299.7,False,24.987,24.5615,25.4477,25.1586,True,0.643228,0.515671,0.835256,0.540378,0.500421,0.640288
cnf,21,303.125,302.516,303.793,303.5,True,25.2815,24.8172,25.7992,25.398,True,0.638287,0.513883,0.834924,0.561824,0.500745,0.720915
cnf,22,292.633,292.046,293.238,292,False,25.5788,25.1567,26.0383,25.9946,True,0.614855,0.508967,0.772487,0.530554,0.499317,0.611529
cnf,23,302.238,301.627,302.884,302.6,True,24.6631,24.1906,25.0988,24.984,True,0.621215,0.50943,0.825786,0.577554,0.5033,0.752563
cnf,24,305.053,304.445,305.735,304.2,False,24.017,23.5778,24.494,24.3809,True,0.636593,0.511276,0.835339,0.557549,0.499473,0.701727
cnf,25,300.993,300.422,301.636,300.7,True,26.8182,26.3855,27.2398,26.8959,True,0.626117,0.514484,0.795394,0.534298,0.498213,0.61601
cnf,26,295.079,294.625,295.578,293.5,False,29.7396,29.3083,30.1719,29.5839,True,0.681831,0.570062,0.772114,0.512789,0.477863,0.549585
cnf,27,301.261,300.686,301.905,300.05,False,26.126,25.7042,26.5405,26.7256,False,0.633807,0.517444,0.807143,0.535643,0.500282,0.626222
cnf,28,303.577,302.928,304.202,301.9,False,22.1057,21.6494,22.6064,22.9351,False,0.667042,0.532151,0.856928,0.553044,0.500338,0.689946
cnf,29,302.787,302.126,303.488,302.7,True,21.7335,21.203,22.2595,21.9861,True,0.646673,0.511846,0.856214,0.570575,0.502008,0.739144
cddpm,0,303.966,303.337,304.607,302.75,False,23.3692,22.8714,23.8739,25.0636,False,0.630109,0.507218,0.855563,0.573712,0.499018,0.751902
cddpm,1,302.549,301.951,303.203,301.55,False,24.0682,23.5371,24.5789,25.504,False,0.643721,0.512669,0.855601,0.589319,0.503312,0.775682
cddpm,2,307.951,307.306,308.577,308.01,True,23.2833,22.7877,23.778,24.0739,False,0.621138,0.510722,0.831429,0.587146,0.501389,0.77463
cddpm,3,299.84,299.228,300.491,299.5,True,23.1914,22.6669,23.6835,23.5951,True,0.617099,0.503713,0.831974,0.558372,0.498882,0.707212
cddpm,4,302.355,301.741,303.019,302.4,True,25.9878,25.5102,26.468,25.6718,True,0.627576,0.508824,0.843843,0.58044,0.503807,0.772987
cddpm,5,300.639,299.992,301.296,300.3,True,22.4627,21.9589,22.9564,22.5485,True,0.620164,0.505099,0.835808,0.563473,0.497637,0.704382
cddpm,6,297.612,297.005,298.243,296.75,False,25.0323,24.5455,25.5246,26.0087,False,0.63224,0.508375,0.844166,0.577049,0.50176,0.744171
cddpm,7,300.651,299.994,301.29,300,True,24.4562,23.9649,24.9575,25.4046,False,0.649459,0.512442,0.841774,0.594306,0.504444,0.788657
cddpm,8,299.427,298.768,300.127,298,False,25.9383,25.4493,26.4021,27.0311,False,0.6259,0.506836,0.839127,0.567819,0.498442,0.737114
cddpm,9,298.142,297.526,298.831,296.95,False,23.8308,23.3295,24.3055,24.6177,False,0.60937,0.503893,0.82207,0.561239,0.498797,0.706304
cddpm,10,299.982,299.346,300.657,297.9,False,25.3709,24.8766,25.8475,25.8454,True,0.61625,0.506294,0.827343,0.541796,0.497265,0.637273
cddpm,11,301.617,300.961,302.265,299.3,False,26.4012,25.9045,26.8575,26.9808,False,0.695406,0.52506,0.891601,0.56644,0.502643,0.714117
cddpm,12,311.698,311.051,312.321,308.6,False,22.3116,21.8289,22.7846,22.8814,False,0.667225,0.526271,0.870966,0.565448,0.499269,0.731595
cddpm,13,310.516,309.862,311.116,307.75,False,24.9914,24.5475,25.4419,26.5363,False,0.705682,0.52801,0.892262,0.5909,0.505467,0.779406
cddpm,14,298.862,298.194,299.479,297.5,False,23.9321,23.4159,24.4366,25.6494,False,0.686069,0.516944,0.883365,0.588551,0.501559,0.776546
cddpm,15,299.208,298.56,299.872,297.6,False,25.089,24.5997,25.5794,24.9299,True,0.620633,0.507884,0.845841,0.555793,0.49692,0.702326
cddpm,16,300.719,300.074,301.357,300,False,24.9324,24.4317,25.4124,26.3441,False,0.638781,0.510491,0.85646,0.577649,0.500812,0.765016
cddpm,17,304.395,303.788,305.034,303.75,False,24.3349,23.8623,24.8175,24.6598,True,0.642575,0.511518,0.857782,0.575063,0.501666,0.738392
cddpm,18,297.138,296.559,297.803,296.1,False,27.281,26.8134,27.7483,27.6121,True,0.611148,0.501809,0.816485,0.538713,0.495452,0.636181
cddpm,19,292.527,291.907,293.197,291.9,False,26.3696,25.883,26.8563,26.8497,True,0.641486,0.50892,0.849205,0.560627,0.500624,0.703623
cddpm,20,300.531,299.921,301.205,299.7,False,24.9235,24.4224,25.4034,25.1586,True,0.602715,0.502987,0.800783,0.551857,0.496314,0.686133
cddpm,21,303.033,302.408,303.711,303.5,True,25.2839,24.8055,25.7795,25.398,True,0.622639,0.508489,0.83843,0.569915,0.50231,0.722855
cddpm,22,292.654,292.096,293.337,292,False,25.5689,25.0974,26.0454,25.9946,True,0.584742,0.499028,0.759994,0.542727,0.496422,0.64481
cddpm,23,302.248,301.646,302.919,302.6,True,24.6404,24.1873,25.104,24.984,True,0.614463,0.504624,0.829402,0.588849,0.503371,0.787726
cddpm,24,304.917,304.313,305.558,304.2,False,23.9894,23.5057,24.4623,24.3809,True,0.622589,0.505351,0.826665,0.566621,0.500564,0.718339
cddpm,25,300.918,300.362,301.558,300.7,True,26.7964,26.3137,27.2596,26.8959,True,0.59933,0.501599,0.78583,0.546525,0.497158,0.664592
cddpm,26,294.967,294.373,295.608,293.5,False,29.6498,29.2046,30.0903,29.5839,True,0.584658,0.497591,0.778943,0.527079,0.491,0.593523
cddpm,27,301.177,300.572,301.821,300.05,False,26.0992,25.6347,26.581,26.7256,False,0.603763,0.502469,0.7977,0.549191,0.496331,0.6691
cddpm,28,303.393,302.719,304.088,301.9,False,22.0554,21.5569,22.5761,22.9351,False,0.633647,0.507999,0.85166,0.564572,0.498854,0.716081
cddpm,29,302.677,302.096,303.317,302.7,True,21.7229,21.2149,22.2358,21.9861,True,0.625896,0.507777,0.830223,0.581983,0.499319,0.765684
cfm,0,304.213,303.592,304.887,302.75,False,23.403,22.93,23.9004,25.0636,False,0.643789,0.517264,0.831742,0.571073,0.499202,0.71892
cfm,1,302.761,302.145,303.368,301.55,False,24.0729,23.61,24.5437,25.504,False,0.657767,0.51415,0.850027,0.590751,0.507334,0.748643
cfm,2,308.194,307.576,308.822,308.01,True,23.2812,22.8123,23.7799,24.0739,False,0.640609,0.512298,0.823002,0.588913,0.50108,0.750791
cfm,3,300.118,299.486,300.828,299.5,True,23.218,22.7851,23.6682,23.5951,True,0.630503,0.514596,0.818676,0.549059,0.494607,0.666126
cfm,4,302.586,301.939,303.213,302.4,True,25.9565,25.5103,26.4228,25.6718,True,0.64722,0.511017,0.846745,0.57959,0.50035,0.741597
cfm,5,300.922,300.258,301.579,300.3,True,22.4935,22.0264,22.977,22.5485,True,0.640449,0.516109,0.826698,0.559038,0.501466,0.676686
cfm,6,297.881,297.24,298.516,296.75,False,25.0166,24.5861,25.469,26.0087,False,0.650972,0.512792,0.844328,0.570991,0.501509,0.71971
cfm,7,300.838,300.199,301.447,300,False,24.4437,23.9963,24.9145,25.4046,False,0.657627,0.517008,0.856605,0.595104,0.506944,0.761958
cfm,8,299.695,299.089,300.331,298,False,25.9229,25.4832,26.3422,27.0311,False,0.640523,0.51191,0.829554,0.563939,0.497267,0.699833
cfm,9,298.464,297.854,299.142,296.95,False,23.8495,23.388,24.3068,24.6177,False,0.630857,0.509244,0.821446,0.549469,0.492966,0.674505
cfm,10,300.401,299.794,301.069,297.9,False,25.3662,24.9477,25.7625,25.8454,False,0.636657,0.508841,0.830145,0.522821,0.47933,0.604409
cfm,11,301.937,301.353,302.512,299.3,False,26.378,25.9633,26.7972,26.9808,False,0.705908,0.531187,0.875685,0.5568,0.495654,0.68595
cfm,12,311.913,311.269,312.592,308.6,False,22.3919,21.8995,22.9146,22.8814,True,0.672204,0.522334,0.852756,0.569461,0.498974,0.720907
cfm,13,310.774,310.152,311.341,307.75,False,24.9488,24.4702,25.4438,26.5363,False,0.707625,0.53341,0.876058,0.603196,0.503929,0.791323
cfm,14,299.189,298.59,299.772,297.5,False,23.9369,23.5084,24.3863,25.6494,False,0.710467,0.534329,0.877484,0.586421,0.508804,0.73886
cfm,15,299.526,298.897,300.175,297.6,False,25.1111,24.6592,25.5663,24.9299,True,0.641578,0.512404,0.834214,0.540018,0.488964,0.641611
cfm,16,300.958,300.316,301.611,300,False,24.9178,24.4842,25.3721,26.3441,False,0.653804,0.518223,0.838955,0.582007,0.502971,0.737877
cfm,17,304.653,304.008,305.312,303.75,False,24.345,23.8793,24.7931,24.6598,True,0.662604,0.517785,0.859532,0.575612,0.504357,0.724328
cfm,18,297.508,296.878,298.169,296.1,False,27.2674,26.8207,27.6641,27.6121,True,0.632299,0.508636,0.833207,0.522831,0.480886,0.606082
cfm,19,292.819,292.152,293.518,291.9,False,26.3601,25.9529,26.7882,26.8497,False,0.649357,0.510555,0.853824,0.546913,0.49419,0.651849
cfm,20,300.844,300.202,301.495,299.7,False,24.9538,24.5428,25.4076,25.1586,True,0.627832,0.509487,0.820496,0.537403,0.487293,0.645196
cfm,21,303.292,302.655,303.945,303.5,True,25.2651,24.8254,25.7661,25.398,True,0.642006,0.509438,0.848629,0.568337,0.499672,0.712541
cfm,22,293.031,292.39,293.762,292,False,25.5599,25.1717,25.9907,25.9946,False,0.594981,0.503294,0.772404,0.512256,0.474762,0.573901
cfm,23,302.449,301.832,303.086,302.6,True,24.632,24.1995,25.0392,24.984,True,0.627399,0.509739,0.813916,0.583013,0.502173,0.741161
cfm,24,305.189,304.515,305.876,304.2,False,23.9849,23.5225,24.4612,24.3809,True,0.637121,0.510704,0.827958,0.563972,0.498487,0.707936
cfm,25,301.202,300.615,301.882,300.7,True,26.7861,26.3527,27.1974,26.8959,True,0.61529,0.505357,0.801149,0.53662,0.485514,0.647906
cfm,26,295.341,294.733,296.083,293.5,False,29.6531,29.2734,30.0416,29.5839,True,0.597275,0.50139,0.779274,0.481123,0.446592,0.540646
cfm,27,301.459,300.869,302.128,300.05,False,26.1051,25.6965,26.5119,26.7256,False,0.619079,0.50992,0.805613,0.532824,0.485708,0.635621
cfm,28,303.699,303.048,304.378,301.9,False,22.1335,21.6819,22.6357,22.9351,False,0.654674,0.518842,0.845236,0.554747,0.498495,0.65095
cfm,29,302.936,302.274,303.651,302.7,True,21.7913,21.2949,22.2913,21.9861,True,0.649482,0.518375,0.833255,0.573058,0.501411,0.713291
