obs_row,status,obs_f1,fe_f1,err_f1,rel_err_f1,obs_f2,fe_f2,err_f2,rel_err_f2,obs_f3,fe_f3,err_f3,rel_err_f3,obs_f4,fe_f4,err_f4,rel_err_f4,obs_f5,fe_f5,err_f5,rel_err_f5,obs_f6,fe_f6,err_f6,rel_err_f6,obs_f7,fe_f7,err_f7,rel_err_f7
1,ok,19.609375,25.677,6.067625,0.3094247,39.765625,52.332,12.566375,0.316011,88.671875,98.715,10.043125,0.11326167,103.125,135.47,32.345,0.31364848,141.17188,156.87,15.698125,0.11119867,224.375,213,-11.375,-0.050696379,224.375,236.27,11.895,0.053013928
2,ok,19.6875,25.521,5.8335,0.29630476,40,52.662,12.662,0.31655,89.375,98.46,9.085,0.10165035,103.90625,133.37,29.46375,0.2835609,141.25,158.06,16.81,0.11900885,226.17188,211.91,-14.261875,-0.063057686,226.17188,236.17,9.998125,0.044205872
3,ok,19.140625,24.243,5.102375,0.26657306,38.984375,50.696,11.711625,0.30041844,86.171875,93.267,7.095125,0.082336899,101.01562,128.6,27.584375,0.27307038,138.82812,151.92,13.091875,0.094302757,218.59375,206.42,-12.17375,-0.055691208,218.59375,225.77,7.17625,0.032829164
4,ok,20.234375,25.605,5.370625,0.26542085,40.546875,53.629,13.082125,0.322642,91.171875,98.393,7.221125,0.079203428,105.46875,132.16,26.69125,0.25307259,143.82812,160.16,16.331875,0.11355133,229.92188,213.65,-16.271875,-0.070771322,229.92188,236.18,6.258125,0.027218485
5,ok,19.53125,25.026,5.49475,0.2813312,39.765625,52.358,12.592375,0.31666483,88.828125,96.885,8.056875,0.090701847,103.59375,129.89,26.29625,0.25384012,138.59375,157.15,18.55625,0.13388952,225.07812,209.83,-15.248125,-0.067745922,225.07812,232.58,7.501875,0.033330094
6,ok,20.234375,25.235,5.000625,0.24713514,40.46875,53.472,13.00325,0.32131583,90.859375,96.747,5.887625,0.064799312,105.23438,130.87,25.635625,0.24360505,144.29688,159.32,15.023125,0.10411262,228.90625,213.31,-15.59625,-0.068133788,228.90625,232.8,3.89375,0.017010239
7,ok,20.3125,25.371,5.0585,0.24903385,40.78125,54.154,13.37275,0.32791418,92.03125,98.611,6.57975,0.071494737,106.5625,130.13,23.5675,0.22116129,142.8125,161.97,19.1575,0.13414442,220.70312,212.88,-7.823125,-0.035446372,232.89062,231.45,-1.440625,-0.0061858437
8,ok,19.921875,25.982,6.060125,0.30419451,40.3125,53.1,12.7875,0.3172093,90.390625,100.12,9.729375,0.10763699,105,135.75,30.75,0.29285714,141.875,159.51,17.635,0.12429956,228.82812,214.28,-14.548125,-0.063576647,228.82812,237.95,9.121875,0.039863435
9,ok,19.921875,25.877,5.955125,0.29892392,40.3125,53.627,13.3145,0.33028217,90.703125,100.7,9.996875,0.11021533,105.23438,133.87,28.635625,0.27211284,140.46875,161.24,20.77125,0.14787097,218.125,213.08,-5.045,-0.02312894,229.84375,240.41,10.56625,0.045971448
10,ok,20.390625,26.674,6.283375,0.30815019,40.78125,54.253,13.47175,0.33034176,92.03125,102.41,10.37875,0.11277419,106.32812,139.1,32.771875,0.30821455,143.98438,163.3,19.315625,0.13415084,219.92188,218.32,-1.601875,-0.0072838366,232.57812,245.39,12.811875,0.055086329
11,ok,20,26.029,6.029,0.30145,40.078125,53.783,13.704875,0.341954,90.46875,100.55,10.08125,0.11143351,104.76562,134.38,29.614375,0.28267263,140.54688,161.63,21.083125,0.15000778,228.90625,214.4,-14.50625,-0.063372014,228.90625,240.53,11.62375,0.050779522
12,ok,19.609375,25.275,5.665625,0.2889243,39.6875,52.907,13.2195,0.33308976,89.453125,98.382,8.928875,0.099816245,103.90625,132.37,28.46375,0.27393684,138.59375,159.05,20.45625,0.14759865,227.10938,211.88,-15.229375,-0.067057448,227.10938,236,8.890625,0.039146887
13,ok,18.828125,24.624,5.795875,0.30783071,38.203125,50.784,12.580875,0.32931534,84.53125,94.233,9.70175,0.11477116,99.0625,130.92,31.8575,0.32158991,138.04688,152.31,14.263125,0.10332088,208.82812,208.1,-0.728125,-0.003486719,215.39062,228.01,12.619375,0.058588321
14,ok,18.59375,24.487,5.89325,0.3169479,38.203125,50.38,12.176875,0.31874029,84.53125,95.019,10.48775,0.1240695,99.375,130.73,31.355,0.31552201,135.46875,151.93,16.46125,0.12151326,216.48438,206.51,-9.974375,-0.046074341,216.48438,228.24,11.755625,0.054302418
15,ok,20.234375,25.889,5.654625,0.27945637,40.625,53.985,13.36,0.32886154,91.875,100,8.125,0.088435374,106.17188,132.48,26.308125,0.24778808,143.82812,161.86,18.031875,0.12537099,219.92188,213.74,-6.181875,-0.028109414,232.1875,233.7,1.5125,0.0065141319
16,ok,20.078125,26.522,6.443875,0.32094008,40.390625,54.012,13.621375,0.33724101,91.09375,101.88,10.78625,0.11840823,105.39062,138.61,33.219375,0.31520237,141.64062,162.14,20.499375,0.14472808,219.29688,217.22,-2.076875,-0.0094706092,230.46875,225.37,-5.09875,-0.02212339
17,ok,19.84375,25.63,5.78625,0.29159055,40.234375,53.035,12.800625,0.31815146,90.234375,99.327,9.092625,0.10076675,104.76562,133.09,28.324375,0.27035943,141.17188,159.43,18.258125,0.1293326,228.59375,212.14,-16.45375,-0.071978127,228.59375,237.82,9.22625,0.040360902
18,ok,19.453125,24.362,4.908875,0.25234378,39.53125,51.855,12.32375,0.31174704,88.125,94.262,6.137,0.069639716,102.73438,127.7,24.965625,0.24301141,139.60938,155.53,15.920625,0.11403693,223.35938,208.51,-14.849375,-0.066481987,223.35938,228.04,4.680625,0.020955579
19,ok,20.078125,25.568,5.489875,0.27342568,40.546875,54.132,13.585125,0.3350474,91.875,100.08,8.205,0.089306122,106.09375,131.32,25.22625,0.2377732,140,162.44,22.44,0.16028571,220.23438,212.57,-7.664375,-0.034800993,232.57812,230.79,-1.788125,-0.0076882768
20,ok,20.859375,26.015,5.155625,0.24716105,41.640625,55.508,13.867375,0.33302514,95.15625,101.39,6.23375,0.065510673,109.29688,132.13,22.833125,0.20890922,144.29688,166.72,22.423125,0.15539578,224.84375,216.38,-8.46375,-0.037642808,240.625,243.71,3.085,0.012820779
21,ok,19.921875,25.324,5.402125,0.27116549,40.15625,53.231,13.07475,0.32559689,90.234375,97.893,7.658625,0.084874805,104.60938,130.76,26.150625,0.24998357,140.9375,159.39,18.4525,0.13092683,228.125,212.06,-16.065,-0.070421918,228.125,235.03,6.905,0.030268493
22,ok,19.53125,25.089,5.55775,0.2845568,39.6875,52.058,12.3705,0.31169764,88.59375,96.823,8.22925,0.092887478,103.28125,131.09,27.80875,0.26925265,139.0625,155.88,16.8175,0.12093483,224.14062,209.8,-14.340625,-0.063980481,224.14062,228.52,4.379375,0.019538515
23,ok,20.9375,26.353,5.4155,0.25865075,41.71875,55.828,14.10925,0.33819925,95.15625,102.21,7.05375,0.074128079,109.0625,133.04,23.9775,0.219851,145.07812,167.26,22.181875,0.15289607,224.375,217.13,-7.245,-0.032289694,240.23438,234.54,-5.694375,-0.023703415
24,ok,19.6875,25.501,5.8135,0.29528889,40,52.313,12.313,0.307825,89.21875,98.297,9.07825,0.10175271,103.90625,135.15,31.24375,0.30069173,140.46875,157.04,16.57125,0.11797108,225.78125,212.57,-13.21125,-0.058513495,225.78125,235.82,10.03875,0.044462284
25,ok,19.453125,24.877,5.423875,0.27881767,39.453125,51.946,12.492875,0.31665109,87.8125,95.935,8.1225,0.092498221,102.42188,130.65,28.228125,0.27560641,139.60938,155.49,15.880625,0.11375042,222.03125,209.89,-12.14125,-0.054682618,222.03125,230.59,8.55875,0.038547502
26,ok,19.609375,25.243,5.633625,0.28729243,39.921875,52.698,12.776125,0.32002818,89.53125,98.271,8.73975,0.097616754,103.98438,131.59,27.605625,0.26547859,138.28125,158.33,20.04875,0.14498531,226.79688,210.93,-15.866875,-0.06996073,226.79688,223.48,-3.316875,-0.014624871
27,ok,20.15625,25.444,5.28775,0.26233798,40.703125,54.628,13.924875,0.34210825,92.65625,100.35,7.69375,0.083035413,106.79688,128.78,21.983125,0.20584053,137.8125,164.74,26.9275,0.19539229,222.03125,211.54,-10.49125,-0.047251232,235.07812,240.8,5.721875,0.024340312
28,ok,19.6875,25.463,5.7755,0.29335873,39.921875,52.907,12.985125,0.32526341,89.53125,98.752,9.22075,0.10298918,103.98438,132.22,28.235625,0.27153719,138.98438,158.96,19.975625,0.14372569,227.10938,211.54,-15.569375,-0.068554524,227.10938,236.7,9.590625,0.042229102
29,ok,19.921875,26.116,6.194125,0.31092078,39.921875,53.092,13.170125,0.32989746,89.375,99.57,10.195,0.11406993,103.67188,136.15,32.478125,0.31327807,143.125,159.24,16.115,0.11259389,225.46875,215.08,-10.38875,-0.04607623,225.46875,239.06,13.59125,0.060279972
30,ok,20.078125,26.052,5.973875,0.29753152,40.15625,52.856,12.69975,0.31625837,89.765625,98.949,9.183375,0.10230392,104.29688,136.65,32.353125,0.31020225,143.98438,158.51,14.525625,0.10088334,226.17188,215.7,-10.471875,-0.046300518,226.17188,238.28,12.108125,0.05353506
