run_id,a,b,E1_1e11Pa,E2_1e11Pa,E1_MPa,E2_MPa
0,281.24907,25.178623,0.69335524,0.8225149,69335.524,82251.49
1,268.69378,26.478289,0.61545154,0.56150466,61545.154,56150.466
2,277.55717,27.1351,0.67313388,0.69500836,67313.388,69500.836
3,270.64735,27.032397,0.80151684,0.56950053,80151.684,56950.053
4,269.8267,29.782622,0.58996683,0.59492936,58996.683,59492.936
5,266.73316,21.215811,0.80683854,0.80073581,80683.854,80073.581
6,273.95207,26.189372,0.58702917,0.81243838,58702.917,81243.838
7,283.14389,23.777457,0.70002494,0.83241676,70002.494,83241.676
8,280.80216,20.571571,0.66759206,0.63150298,66759.206,63150.298
9,271.68263,24.581301,0.63304046,0.88023782,63304.046,88023.782
10,268.08962,20.368033,0.71881592,0.64017196,71881.592,64017.196
11,283.81402,22.475637,0.54418814,0.55435258,54418.814,55435.258
12,276.6554,24.336835,0.54177931,0.73435069,54177.931,73435.069
13,268.41086,23.49432,0.65879001,0.80564622,65879.001,80564.622
14,280.46722,25.896053,0.87936516,0.71679701,87936.516,71679.701
15,285.72812,25.025182,0.79629875,0.64598078,79629.875,64598.078
16,285.06594,23.076014,0.5399231,0.89427442,53992.31,89427.442
17,269.7727,26.689994,0.53235688,0.78330708,53235.688,78330.708
18,279.87686,25.565723,0.83639908,0.52489746,83639.908,52489.746
19,271.01077,22.091869,0.70771797,0.75878584,70771.797,75878.584
20,278.1916,28.374707,0.89182517,0.61575017,89182.517,61575.017
21,284.92302,25.305793,0.87642429,0.82195119,87642.429,82195.119
22,281.70374,24.153603,0.7229396,0.61974572,72293.96,61974.572
23,279.05549,26.3421,0.86346699,0.7963846,86346.699,79638.46
24,284.73709,29.052778,0.65575673,0.5484416,65575.673,54844.16
25,281.38298,28.764031,0.74275811,0.80731215,74275.811,80731.215
26,268.58083,20.216707,0.54703404,0.61657817,54703.404,61657.817
27,285.63171,21.95865,0.83948343,0.67546945,83948.343,67546.945
28,280.79529,25.765695,0.62146227,0.85513284,62146.227,85513.284
29,282.42909,21.737135,0.81756592,0.87310182,81756.592,87310.182
30,273.55151,28.200734,0.66313987,0.56565709,66313.987,56565.709
31,273.0256,24.141359,0.75420923,0.67942107,75420.923,67942.107
32,276.4936,29.242827,0.56580795,0.89605316,56580.795,89605.316
33,271.11646,28.618613,0.78573115,0.65209892,78573.115,65209.892
34,266.90449,29.307681,0.75359619,0.76120312,75359.619,76120.312
35,275.24351,27.880042,0.67019972,0.58897238,67019.972,58897.238
36,281.09924,21.505984,0.59240879,0.74052037,59240.879,74052.037
37,279.38917,26.968246,0.8874872,0.55883731,88748.72,55883.731
38,283.67486,23.947921,0.70804628,0.65551582,70804.628,65551.582
39,275.68908,25.499773,0.73995845,0.72765322,73995.845,72765.322
40,284.88934,27.388605,0.82875429,0.78712245,82875.429,78712.245
41,269.35189,25.115548,0.61743863,0.89077074,61743.863,89077.074
42,266.33159,24.534383,0.81377514,0.85854139,81377.514,85854.139
43,268.9772,26.53527,0.77478926,0.86904384,77478.926,86904.384
44,283.36617,27.269392,0.78263826,0.5666295,78263.826,56662.95
45,272.73737,28.982044,0.59121748,0.83512819,59121.748,83512.819
46,276.10945,23.950536,0.84116198,0.7793533,84116.198,77935.33
47,266.87468,21.260453,0.75681828,0.70213216,75681.828,70213.216
48,271.42625,24.226254,0.64120355,0.66400213,64120.355,66400.213
49,274.49368,22.608188,0.60187076,0.71842455,60187.076,71842.455
50,274.2241,22.558295,0.60693528,0.71578902,60693.528,71578.902
51,275.81228,25.691815,0.80839348,0.70929258,80839.348,70929.258
52,274.98311,26.399457,0.63875441,0.87034392,63875.441,87034.392
53,268.71533,23.827798,0.55278821,0.83778053,55278.821,83778.053
54,276.81793,23.191953,0.61226222,0.68293991,61226.222,68293.991
55,279.45994,23.599516,0.66032574,0.83095218,66032.574,83095.218
56,284.08746,24.05708,0.77736912,0.57587108,77736.912,57587.108
57,275.41964,21.822412,0.85867896,0.51011897,85867.896,51011.897
58,266.23103,24.619629,0.5759098,0.73843036,57590.98,73843.036
59,274.67774,26.704002,0.57848719,0.85117154,57848.719,85117.154
60,269.29718,26.587767,0.80419785,0.87839097,80419.785,87839.097
61,266.45007,29.271689,0.83150701,0.50535905,83150.701,50535.905
62,280.31439,29.423466,0.64976207,0.72242818,64976.207,72242.818
63,274.10139,26.107534,0.86655623,0.63619831,86655.623,63619.831
64,272.82297,22.159046,0.85640418,0.74241397,85640.418,74241.397
65,276.31318,27.745355,0.73437153,0.69684547,73437.153,69684.547
66,271.56777,25.352232,0.79304402,0.84435228,79304.402,84435.228
67,272.61218,23.661643,0.50893683,0.67026938,50893.683,67026.938
68,271.25063,28.564603,0.58051888,0.54172056,58051.888,54172.056
69,268.86943,21.12451,0.63009035,0.78864079,63009.035,78864.079
70,281.55811,22.829322,0.51896298,0.84072152,51896.298,84072.152
71,267.21998,23.874664,0.88591866,0.64811054,88591.866,64811.054
72,277.28041,27.554206,0.86130504,0.78471474,86130.504,78471.474
73,277.87154,24.362183,0.68499101,0.53852961,68499.101,53852.961
74,266.0739,20.342179,0.73622138,0.50922097,73622.138,50922.097
75,285.91311,20.081879,0.88850487,0.74841078,88850.487,74841.078
76,274.81238,24.982457,0.68058955,0.57977673,68058.955,57977.673
77,272.29276,22.43351,0.56152961,0.50185933,56152.961,50185.933
78,277.43976,25.738145,0.79175342,0.76219966,79175.342,76219.966
79,274.03009,29.152905,0.57380328,0.88221481,57380.328,88221.481
80,269.94886,23.36833,0.74596914,0.69023065,74596.914,69023.065
81,279.16629,20.976976,0.77196473,0.68723914,77196.473,68723.914
82,282.59556,28.266923,0.637906,0.82824394,63790.6,82824.394
83,284.62864,29.842224,0.84614364,0.64370476,84614.364,64370.476
84,267.39248,21.574129,0.51027559,0.73350854,51027.559,73350.854
85,281.90249,24.838431,0.65260893,0.70163962,65260.893,70163.962
86,278.75552,22.542601,0.7511058,0.77105212,75110.58,77105.212
87,266.5634,20.72524,0.62219396,0.72599335,62219.396,72599.335
88,274.51059,21.095478,0.81169159,0.66808835,81169.159,66808.835
89,278.41403,20.429356,0.58323351,0.88880253,58323.351,88880.253
90,270.84191,28.692514,0.62908473,0.69864787,62908.473,69864.787
91,283.49662,29.91703,0.84233062,0.65989729,84233.062,65989.729
92,279.5596,29.624941,0.71050651,0.58715372,71050.651,58715.372
93,278.3933,24.926571,0.59432062,0.79561238,59432.062,79561.238
94,278.68044,28.405249,0.55970387,0.71034068,55970.387,71034.068
95,285.14674,23.019928,0.83516846,0.54795727,83516.846,54795.727
96,280.67848,27.445867,0.56947026,0.80899728,56947.026,80899.728
97,279.20178,20.281542,0.58459207,0.62898734,58459.207,62898.734
98,276.71091,27.058875,0.50474251,0.82794177,50474.251,82794.177
99,283.08294,26.766943,0.53480971,0.65676146,53480.971,65676.146
100,285.57968,29.85958,0.70552003,0.54479505,70552.003,54479.505
101,274.32326,28.851241,0.78954471,0.89316951,78954.471,89316.951
102,270.55308,24.446373,0.59841363,0.55625611,59841.363,55625.611
103,275.0606,21.17241,0.76388308,0.60464217,76388.308,60464.217
104,278.88677,24.665377,0.78624131,0.53238642,78624.131,53238.642
105,267.86031,21.429924,0.76979224,0.59620657,76979.224,59620.657
106,285.24126,27.300366,0.56620079,0.76973229,56620.079,76973.229
107,273.83742,26.013901,0.52452908,0.74717866,52452.908,74717.866
108,281.64259,21.035152,0.61969296,0.81471735,61969.296,81471.735
109,278.06519,21.381688,0.71435898,0.55081734,71435.898,55081.734
110,283.98675,26.29909,0.85082714,0.87486304,85082.714,87486.304
111,273.24539,29.981018,0.82489972,0.8192663,82489.972,81926.63
112,285.82478,28.473875,0.69649052,0.77785354,69649.052,77785.354
113,277.12367,21.638072,0.73342049,0.77586556,73342.049,77586.556
114,275.1746,25.845166,0.76770267,0.53478298,76770.267,53478.298
115,276.08166,20.936035,0.62774915,0.69265852,62774.915,69265.852
116,273.31053,28.848161,0.82067864,0.86090209,82067.864,86090.209
117,277.90666,21.4891,0.7610617,0.86313587,76106.17,86313.587
118,268.15944,22.79334,0.71649681,0.68892364,71649.681,68892.364
119,281.11462,20.605705,0.67848959,0.70731751,67848.959,70731.751
120,275.38247,29.486621,0.75832251,0.5911088,75832.251,59110.88
121,275.53103,24.722004,0.54388004,0.79264143,54388.004,79264.143
122,274.71439,26.827655,0.59777598,0.75069146,59777.598,75069.146
123,282.6921,29.732705,0.68755472,0.53075719,68755.472,53075.719
124,271.91655,23.748491,0.70303532,0.64618928,70303.532,64618.928
125,272.52847,23.299229,0.69498122,0.89833213,69498.122,89833.213
126,283.71536,26.414411,0.74905949,0.81144623,74905.949,81144.623
127,275.91155,26.236688,0.68307314,0.59877819,68307.314,59877.819
128,273.10211,20.837499,0.66486913,0.62642908,66486.913,62642.908
129,282.10554,22.967325,0.85426351,0.63312534,85426.351,63312.534
130,280.91746,27.656193,0.81425133,0.68551108,81425.133,68551.108
131,278.50534,22.702047,0.8819045,0.51251484,88190.45,51251.484
132,284.55911,22.138867,0.52696406,0.52165358,52696.406,52165.358
133,277.76807,27.974485,0.61190641,0.60985501,61190.641,60985.501
134,273.43936,22.249277,0.65032715,0.84719479,65032.715,84719.479
135,282.7318,28.073249,0.82710883,0.5173379,82710.883,51733.79
136,267.05045,22.048896,0.84441543,0.71210515,84441.543,71210.515
137,277.6875,23.220579,0.67450637,0.88589104,67450.637,88589.104
138,280.58511,27.639684,0.71206011,0.52278497,71206.011,52278.497
139,272.30435,23.404241,0.50023791,0.5818478,50023.791,58184.78
140,266.11815,25.277773,0.5518337,0.63915796,55183.37,63915.796
141,270.22367,26.640103,0.74664307,0.67600924,74664.307,67600.924
142,278.22494,23.646235,0.84921626,0.55207708,84921.626,55207.708
143,267.75712,26.941129,0.51293003,0.58336084,51293.003,58336.084
144,284.24163,28.501849,0.5288009,0.67312534,52880.09,67312.534
145,271.30493,22.318635,0.89306377,0.56205306,89306.377,56205.306
146,273.63736,28.702435,0.87237448,0.79148692,87237.448,79148.692
147,282.05238,29.655464,0.76597721,0.60770429,76597.721,60770.429
148,270.01017,21.683765,0.67763662,0.83899283,67763.662,83899.283
149,272.98335,21.335663,0.72548323,0.73093151,72548.323,73093.151
150,282.8052,25.938686,0.87093752,0.78001095,87093.752,78001.095
151,278.99248,27.193273,0.89830575,0.6515733,89830.575,65157.33
152,281.40991,20.686972,0.60584133,0.58466143,60584.133,58466.143
153,276.58436,25.990044,0.74068277,0.61375753,74068.277,61375.753
154,281.89027,20.102448,0.88210021,0.61074612,88210.021,61074.612
155,267.19796,21.861727,0.51668481,0.86513016,51668.481,86513.016
156,280.2802,22.281095,0.52158891,0.72854068,52158.891,72854.068
157,270.37795,21.792906,0.80324542,0.84232118,80324.542,84232.118
158,283.26425,28.900225,0.53750168,0.66154982,53750.168,66154.982
159,272.1779,28.125731,0.78158727,0.82499318,78158.727,82499.318
160,271.71346,27.833864,0.64642391,0.57707298,64642.391,57707.298
161,282.25361,24.25148,0.77384757,0.88793083,77384.757,88793.083
162,268.35142,26.870068,0.60287598,0.54392716,60287.598,54392.716
163,282.98576,25.244782,0.85327803,0.52771128,85327.803,52771.128
164,267.54628,25.533581,0.56200462,0.50237522,56200.462,50237.522
165,272.03851,25.411883,0.50398674,0.52918855,50398.674,52918.855
166,276.96396,20.492639,0.79856179,0.59375629,79856.179,59375.629
167,279.72665,29.367402,0.69012413,0.53674893,69012.413,53674.893
168,269.11398,23.542667,0.54891652,0.60220221,54891.652,60220.221
169,267.64779,20.764947,0.68825806,0.63562193,68825.806,63562.193
170,270.44169,26.079516,0.55430465,0.85696353,55430.465,85696.353
171,284.42326,29.519847,0.77926457,0.57312879,77926.457,57312.879
172,269.43675,27.763741,0.69878585,0.72196429,69878.585,72196.429
173,269.03664,23.144328,0.5318437,0.68121442,53184.37,68121.442
174,271.83275,29.00938,0.64463831,0.70484996,64463.831,70484.996
175,269.53795,20.854241,0.57145236,0.74473997,57145.236,74473.997
176,273.76857,22.367096,0.7309222,0.80283524,73092.22,80283.524
177,270.92969,27.485882,0.8753199,0.6222368,87531.99,62223.68
178,266.69489,27.240372,0.72919939,0.5715895,72919.939,57158.95
179,276.29163,24.899937,0.60894557,0.84967543,60894.557,84967.543
180,283.54809,22.914818,0.72190012,0.75456879,72190.012,75456.879
181,279.93284,25.620397,0.57668543,0.77260759,57668.543,77260.759
182,284.35354,22.656841,0.83235447,0.73774867,83235.447,73774.867
183,270.18486,28.028744,0.65735619,0.85204794,65735.619,85204.794
184,277.06526,20.549879,0.50769202,0.75704091,50769.202,75704.091
185,268.28044,20.185044,0.62408051,0.81692735,62408.051,81692.735
186,267.95327,21.929761,0.79489927,0.87738025,79489.927,87738.025
187,282.36329,27.519618,0.72778498,0.76632678,72778.498,76632.678
188,272.42882,23.345765,0.82349924,0.51533666,82349.924,51533.666
189,270.77349,24.024846,0.89798362,0.86675347,89798.362,86675.347
190,277.32024,24.756718,0.55706283,0.66323743,55706.283,66323.743
191,280.06948,28.168269,0.89531999,0.79808019,89531.999,79808.019
192,284.18607,25.053358,0.52260496,0.76492345,52260.496,76492.345
193,267.41321,29.110099,0.51589507,0.7530445,51589.507,75304.45
194,280.16144,28.300883,0.86873267,0.60042865,86873.267,60042.865
195,285.40951,22.872664,0.66947702,0.66627925,66947.702,66627.925
196,269.67257,29.581727,0.81880628,0.50637695,81880.628,50637.695
197,275.70845,24.467165,0.86512364,0.62468828,86512.364,62468.828
198,285.39359,20.021019,0.63543957,0.62019362,63543.957,62019.362
199,279.61374,27.94796,0.64301787,0.51989464,64301.787,51989.464
